<application>
  <component name="FileTypeManager" version="17">
    <extensionMap>
      <mapping pattern=".gitignore_global" type="Git file" />
      <mapping pattern=".gitattributes" type="PLAIN_TEXT" />
      <mapping pattern="Dockerfile_backend" type="PLAIN_TEXT" />
      <mapping pattern="LICENSE" type="PLAIN_TEXT" />
      <mapping pattern="jdk" type="PLAIN_TEXT" />
      <mapping pattern=".gitkeep" type="PLAIN_TEXT" />
      <mapping ext="conf" type="PLAIN_TEXT" />
      <mapping ext="key" type="PLAIN_TEXT" />
    </extensionMap>
  </component>
</application>