<application>
  <component name="GeneralSettings">
    <option name="confirmExit" value="false" />
    <option name="confirmOpenNewProject2" value="0" />
    <option name="processCloseConfirmation" value="DISCONNECT" />
  </component>
  <component name="Registry">
    <entry key="SBT.system.in.process" value="true" />
    <entry key="compiler.automake.allow.when.app.running" value="true" />
    <entry key="debugger.watches.in.variables" value="false" />
    <entry key="ide.mac.allowDarkWindowDecorations" value="true" />
    <entry key="ide.tooltip.initialDelay" value="295" />
    <entry key="git.explicit.commit.renames.prohibit.multiple.calls" value="false" />
    <entry key="BSP.experimental.feature.enabled" value="false" />
    <entry key="BSP.system.in.process" value="true" />
  </component>
</application>